<?xml version="1.0" encoding="UTF-8"?>
<sch:schema schemaVersion="2.0" xmlns:sch="http://www.ascc.net/xml/schematron"
	xmlns:xsi="http://www.w3.org/2001/XMLSchema-instance"
	xsi:schemaLocation="http://www.ascc.net/xml/schematron ../schematron/schematron1-5.xsd">
	<sch:title>eAIP Additional Rules Validation</sch:title>
	<sch:ns prefix="e" uri="http://www.eurocontrol.int/xmlns/AIM/eAIP"/>
	<sch:ns prefix="x" uri="http://www.w3.org/1999/xhtml"/>
	<sch:ns prefix="xlink" uri="http://www.w3.org/1999/xlink"/>
	<!-- =============================== Data Structure Errors =========================== -->
	<sch:pattern name="Checking Data Structure Errors">
		<!-- route track rules removed for DTD v1.1.0
		<sch:rule context="e:Route-segment-mag-track">
			<sch:report test="../../descendant::e:Route-segment-true-track" diagnostics="RS-track">Mixed true/mag-track</sch:report>
		</sch:rule>
		<sch:rule context="e:Route-segment-true-track">
			<sch:report test="../../descendant::e:Route-segment-mag-track" diagnostics="RS-track">Mixed true/mag-track</sch:report>
		</sch:rule>-->
		<sch:rule context="e:Route">
			<sch:assert diagnostics="route-seq"
				test="(e:Route-segment | e:Significant-point-reference)[1]/self::e:Significant-point-reference">Route must
				start on Significant-point-reference</sch:assert>
			<sch:assert diagnostics="route-seq"
				test="(e:Route-segment | e:Significant-point-reference)[last()]/self::e:Significant-point-reference">Route
				must end on Significant-point-reference</sch:assert>
		</sch:rule>
		<sch:rule context="e:Route-segment[@Updated!='Deleted']">
			<sch:assert diagnostics="route-segment"
				test="following-sibling::*[@Updated!='Deleted'][1]/self::e:Significant-point-reference">Wrong route
				sequence</sch:assert>
		</sch:rule>
		<sch:rule context="e:Significant-point-reference[@Updated!='Deleted']">
			<sch:assert diagnostics="SPR"
				test="not(following-sibling::*[@Updated!='Deleted'])         or following-sibling::*[@Updated!='Deleted'][1]/self::e:Route-segment"
				>Wrong route sequence</sch:assert>
		</sch:rule>
		<sch:rule context="e:Figure/e:Graphic-file[following-sibling::e:Graphic-file]">
			<sch:assert diagnostics="graphics" test="@Updated!='No' and following-sibling::e:Graphic-file/@Updated!='No'"
				>Wrong Graphic-file amendment</sch:assert>
			<sch:assert diagnostics="graphics" test="@Updated != following-sibling::e:Graphic-file/@Updated">Wrong
				Graphic-file amendment</sch:assert>
		</sch:rule>
		<sch:rule context="e:Linguistic-block">
			<sch:report diagnostics="lang-nested" test="descendant::e:Linguistic-block">A Linguistic-block cannot be nested
				in a Linguistic-block</sch:report>
		</sch:rule>
		<sch:rule context="e:Linguistic-block/e:*[2]">
			<sch:assert test="@Updated != 'No' and preceding-sibling::e:*/@Updated != 'No'">Wrong Linguistic-columns or
				-rows amendment</sch:assert>
			<sch:assert test="@Updated != preceding-sibling::e:*/@Updated">Wrong Linguistic-columns or -rows
				amendment</sch:assert>
		</sch:rule>
		<sch:rule context="e:Linguistic-content/text()[normalize-space() != '']">
			<sch:report
				test="following-sibling::*[1][self::e:Address or self::e:Figure or self::e:Linguistic-block or self::x:div or self::x:ol or self::x:p or self::x:table or self::x:ul]"
				>e:Linguistic-content elements may not mix text and block elements.</sch:report>
		</sch:rule>
		<sch:rule
			context="e:Linguistic-content/*[following-sibling::*[self::e:Address or self::e:Figure or self::e:Linguistic-block or self::x:div or self::x:ol or self::x:p or self::x:table or self::x:ul][1]]">
			<sch:report
				test="@Updated != 'No' and following-sibling::*[self::e:Address or self::e:Figure or self::e:Linguistic-block or self::x:div or self::x:ol or self::x:p or self::x:table or self::x:ul][@Updated='No']"
				>e:Linguistic-content elements may not mix blocks with any element except for a replacement.</sch:report>
			<sch:report
				test="@Updated = 'No' and following-sibling::*[self::e:Address or self::e:Figure or self::e:Linguistic-block or self::x:div or self::x:ol or self::x:p or self::x:table or self::x:ul]"
				>e:Linguistic-content elements may not mix blocks with any element except for a replacement.</sch:report>
		</sch:rule>
		<sch:rule context="@Updated[string(.)!='No']">
			<sch:assert diagnostics="amdt-attr" test="../@id">Id missing</sch:assert>
			<sch:assert diagnostics="amdt-attr" test="../@Updated-ref">Updated-ref attribute missing</sch:assert>
			<sch:report diagnostics="amdt-nested" test="../ancestor::*/@Updated[string(.)!='No']">Amendments may not be
				nested</sch:report>
		</sch:rule>
		<sch:rule context="e:NIL[following-sibling::*]">
			<sch:report diagnostics="amdt-nil" test="@Updated = 'No'">Wrong NIL amendment</sch:report>
			<sch:report diagnostics="amdt-nil" test="following-sibling::*/@Updated = 'No'">Wrong NIL amendment</sch:report>
			<sch:report diagnostics="amdt-nil" test="following-sibling::*/@Updated = @Updated">Wrong NIL
				amendment</sch:report>
		</sch:rule>
		<sch:rule context="x:div[@Number != '']">
			<sch:report
				test="e:Address[1] or e:Figure[1] or x:div[1] or x:ol[1] or x:p[1] or x:table[1] or x:ul[1]"
				>A numbered x:div may not contain any block element: it may contain only text and inline
				elements.</sch:report>
		</sch:rule>
		<sch:rule context="x:div[@Number != '']/e:Linguistic-block/*/e:Linguistic-content">
			<sch:report
				test="e:Address[1] or e:Figure[1] or e:Linguistic-block[1] or x:div[1] or x:ol[1] or x:p[1] or x:table[1] or x:ul[1]"
				>A numbered bilingual x:div may not contain any block element: it may contain only text and inline
				elements.</sch:report>
		</sch:rule>
		<sch:rule context="x:ol | x:ul">
			<sch:report test="descendant::x:li/descendant::e:Linguistic-block and descendant::x:li[not(descendant::e:Linguistic-block)]"
				>A list must be either completely monolingual or completely bilingual; this includes nested lists.</sch:report>
		</sch:rule>
	</sch:pattern>
	<!-- =============================== Data Consistency Errors =========================== -->
	<sch:pattern name="Checking Data Consistency Errors">
		<sch:rule context="@Toc[string(.)='Yes']">
			<sch:assert diagnostics="toc-id" test="../@id">Id missing</sch:assert>
		</sch:rule>
		<sch:rule context="e:Graphic-file/@Type">
			<sch:assert diagnostics="mime-type" test="document('mime-types.xml')/mime-types/mime-type[text()=current()]"
				>Unknown MIME type</sch:assert>
		</sch:rule>
		<sch:rule context="e:Graphic-file/@xlink:show[.='replace' or .='new']">
			<sch:assert diagnostics="graphics-paper" test="normalize-space(../@Page-name)!=''"> Page-name
				missing</sch:assert>
		</sch:rule>
		<sch:rule context="x:a/@href[substring(string(.), 1, 1)='#']">
			<sch:assert diagnostics="int-link" test="id(substring-after(string(.), '#'))">Internal link broken</sch:assert>
		</sch:rule>
		<sch:rule context="e:Abbreviation/@Ref">
			<sch:assert diagnostics="int-ref" test="id(.)/self::e:Abbreviation-description">An Abbreviation must refer to
				an Abbreviation-description</sch:assert>
		</sch:rule>
		<sch:rule context="e:Location/@Ref">
			<sch:assert diagnostics="int-ref" test="id(.)/self::e:Location-definition">A Location must refer to a
				Location-definition</sch:assert>
		</sch:rule>
		<sch:rule context="e:Significant-point-reference/@Ref">
			<sch:assert diagnostics="int-ref" test="id(.)/self::e:Navaid or id(.)/self::e:Designated-point">A
				Significant-point-reference must refer to a Navaid or a Designated-point</sch:assert>
		</sch:rule>
		<sch:rule context="e:Significant-point-remark-reference/@Ref">
			<sch:assert diagnostics="int-ref" test="id(.)/self::e:Significant-point-remark">A
				Significant-point-remark-reference must refer to a Significant-point-remark-reference</sch:assert>
		</sch:rule>
		<sch:rule context="e:Route-segment-usage-reference/@Ref">
			<sch:assert diagnostics="int-ref" test="id(.)/self::e:Route-segment-usage">A Route-segment-usage-reference must
				refer to a Route-segment-usage</sch:assert>
		</sch:rule>
		<sch:rule context="e:Route-segment-remark-reference/@Ref">
			<sch:assert diagnostics="int-ref" test="id(.)/self::e:Route-segment-remark">A Route-segment-remark-reference
				must refer to a Route-segment-remark</sch:assert>
		</sch:rule>
		<sch:rule context="e:Aerodrome/@Ref">
			<sch:assert diagnostics="int-ref" test="id(.)/self::e:Location-definition">An Aerodrome must refer to a
				Location-definition</sch:assert>
		</sch:rule>
		<sch:rule context="e:Heliport/@Ref">
			<sch:assert diagnostics="int-ref" test="id(.)/self::e:Location-definition">A Heliport must refer to a
				Location-definition</sch:assert>
		</sch:rule>
		<sch:rule context="@Updated-ref">
			<sch:assert diagnostics="int-ref" test="id(.)/self::e:Amendment or id(.)/self::e:Group">The Updated-ref
				attribute must refer to an Amendment or a Group</sch:assert>
		</sch:rule>
		<!--		<sch:rule context="text()[ancestor::e:Significant-point-ATC and not(ancestor::e:Deleted)]">
			<sch:assert diagnostics="SP-atc" test="normalize-space(.) = 'Request'
									or normalize-space(.) = 'Compulsory'
									or normalize-space(.) = 'No-report'
									or normalize-space(.) = ''">Wrong value</sch:assert>
		</sch:rule>-->
		<sch:rule context="e:Significant-point-ATC">
			<sch:assert diagnostics="SP-atc"
				test="normalize-space(.) = 'Request' or normalize-space(.) = 'Compulsory' or normalize-space(.) = 'No-report' 
    or translate(normalize-space(.), ' ', '') = 'RequestCompulsory' or translate(normalize-space(.), ' ', '') = 'RequestNo-report' 
    or translate(normalize-space(.), ' ', '') = 'CompulsoryRequest' or translate(normalize-space(.), ' ', '') = 'CompulsoryNo-report'
    or translate(normalize-space(.), ' ', '') = 'No-reportRequest' or translate(normalize-space(.), ' ', '') = 'No-reportCompulsory'"
				>Wrong value: must be 'Request' or 'Compulsory' or 'No-report'</sch:assert>
		</sch:rule>
		<sch:rule context="e:Route-segment-usage-direction">
			<sch:assert diagnostics="RSU-dir"
				test="normalize-space(.) = 'Forwards' or normalize-space(.) = 'Backwards'
  		or translate(normalize-space(.), ' ', '') = 'ForwardsBackwards' or translate(normalize-space(.), ' ', '') = 'BackwardsForwards'"
				>Wrong value: must be 'Forwards' or 'Backwards'</sch:assert>
		</sch:rule>
		<sch:rule context="e:Route-segment-usage-level-type">
			<sch:assert diagnostics="RSU-level"
				test="normalize-space(.) = 'Odd' or normalize-space(.) = 'Even'
 			or translate(normalize-space(.), ' ', '') = 'OddEven' or translate(normalize-space(.), ' ', '') = 'EvenOdd'"
				>Wrong value: must be 'Odd' or 'Even'</sch:assert>
		</sch:rule>
		<sch:rule context="e:Location-name">
			<sch:report diagnostics="loc-name" test="normalize-space(.) = ''">Content missing</sch:report>
		</sch:rule>
		<sch:rule context="e:Location-definition/@Type[.='ICAO']">
			<sch:assert diagnostics="loc-ident" test="../e:Location-ident and normalize-space(../e:Location-ident) != ''"
				>Content missing</sch:assert>
		</sch:rule>
		<!-- Language check -->
		<sch:rule context="e:Abstract">
			<sch:report diagnostics="amdt-description-lang"
				test="following-sibling::e:Abstract[1][@xml:lang = current()/@xml:lang]">Multiple amendment group abstracts
				in the same language.</sch:report>
		</sch:rule>
		<sch:rule context="e:Linguistic-content">
			<sch:report test="following-sibling::e:Linguistic-content[1][lang(current()/ancestor-or-self::*[@xml:lang][1]/@xml:lang)]">Multiple
				Linguistic-content elements in the same language.</sch:report>
		</sch:rule>
	</sch:pattern>
	<!-- =============================== Data Type Errors =========================== -->
	<sch:pattern name="Checking Data Type Errors">
		<sch:rule context="x:col/@width">
			<sch:assert diagnostics="column" test="floor(.) = number(.) and number(.) > 0">Wrong value</sch:assert>
		</sch:rule>
		<sch:rule context="@Effective-date | @Publication-date">
			<sch:assert diagnostics="dates" test="translate(., '0123456789-:T', '') = ''">
				<sch:name/> must be an ISO-8601 date without time zone (illegal character found)</sch:assert>
			<sch:assert diagnostics="dates" test="string-length(.) &lt;= 19">
				<sch:name/> must be an ISO-8601 date without time zone (more than 19 characters long)</sch:assert>
			<sch:assert diagnostics="dates" test="string-length(substring-before(., '-')) = 4">
				<sch:name/> must be an ISO-8601 date without time zone (can't find the year in 4 digits)</sch:assert>
			<sch:assert diagnostics="dates" test="string-length(substring-before(substring-after(., '-'), '-')) = 2">
				<sch:name/> must be an ISO-8601 date without time zone (can't find the month in 2 digits)</sch:assert>
			<sch:report diagnostics="dates"
				test="contains(., 'T') and string-length(substring-before(substring-after(substring-after(., '-'), '-'), 'T')) != 2">
				<sch:name/> must be an ISO-8601 date without time zone (can't find the day in 2 digits)</sch:report>
			<sch:report diagnostics="dates"
				test="not(contains(., 'T')) and string-length(substring-after(substring-after(., '-'), '-')) != 2">
				<sch:name/> must be an ISO-8601 date without time zone (can't find the day in 2 digits)</sch:report>
			<!-- TO DO: we should also check the time -->
		</sch:rule>
		<sch:rule context="e:Location-ident">
			<sch:assert test="translate(., 'ABCDEFGHIJKLMNOPQRSTUVWXYZ1234567890', '') = ''">A location identifier may only
				contain figures (0 to 9) and upper-case letters (English alphabet).</sch:assert>
			<sch:assert test="string-length(.) &gt; 0">A location identifier must have at least 1 character.</sch:assert>
		</sch:rule>
		<sch:rule context="e:Route-designator">
			<sch:assert test="translate(., 'ABCDEFGHIJKLMNOPQRSTUVWXYZ1234567890', '') = ''">A route designator may only
				contain figures (0 to 9) and upper-case letters (English alphabet).</sch:assert>
			<sch:assert test="string-length(.) &gt; 0">A route designator must have at least 1 character.</sch:assert>
		</sch:rule>
		<sch:rule context="e:Designated-point-ident">
			<sch:assert test="translate(., 'ABCDEFGHIJKLMNOPQRSTUVWXYZ1234567890', '') = ''">A designated point identifier
				may only contain figures (0 to 9) and upper-case letters (English alphabet).</sch:assert>
			<sch:assert test="string-length(.) &gt; 0">A designated point identifier must have at least 1
				character.</sch:assert>
		</sch:rule>
		<sch:rule context="e:Navaid-ident">
			<sch:assert test="translate(., 'ABCDEFGHIJKLMNOPQRSTUVWXYZ1234567890', '') = ''">A navaid identifier may only
				contain figures (0 to 9) and upper-case letters (English alphabet).</sch:assert>
			<sch:assert test="string-length(.) &gt; 0">A navaid identifier must have at least 1 character.</sch:assert>
		</sch:rule>
	</sch:pattern>
	<!-- =============================== W A R N I N G S =========================== -->
	<sch:pattern name="Checking Warnings">
		<sch:rule
			context="text()[.='Forwards'][ancestor::e:Route-segment-usage-reference and not(ancestor::*/@Updated='Deleted')]">
			<sch:assert diagnostics="RSUR-track"
				test="ancestor::e:Route-segment/e:Route-segment-true-track | ancestor::e:Route-segment/e:Route-segment-mag-track"
				>Warning: Route segment track missing</sch:assert>
		</sch:rule>
		<sch:rule
			context="text()[.='Backwards'][ancestor::e:Route-segment-usage-reference and not(ancestor::*/@Updated='Deleted')]">
			<sch:assert diagnostics="RSUR-track"
				test="ancestor::e:Route-segment/e:Route-segment-reverse-true-track | ancestor::e:Route-segment/e:Route-segment-reverse-mag-track"
				>Warning: Route segment reverse track missing</sch:assert>
		</sch:rule>
		<sch:rule context="@Number[normalize-space(.)!='']">
			<sch:assert diagnostics="number" test="../@id">Warning: Number attribute without id.</sch:assert>
		</sch:rule>
		<sch:rule context="e:eAIC | e:eSUP">
			<sch:assert diagnostics="effective-date" test="@Effective-date">Warning: Effective-date missing</sch:assert>
		</sch:rule>
		<sch:rule context="x:a">
			<sch:assert diagnostics="href" test="@href">Warning: href attribute missing</sch:assert>
		</sch:rule>
		<sch:rule context="e:Location-ident/@id">
			<sch:assert test="starts-with(., 'ICAO-')">Warning: by convention, the id attribute of e:Location-ident
				elements should start with "ICAO-".</sch:assert>
		</sch:rule>
		<sch:rule context="e:Designated-point/@id">
			<sch:assert test="starts-with(., 'SP-')">Warning: by convention, the id attribute of e:Designated-point
				elements should start with "SP-".</sch:assert>
		</sch:rule>
		<sch:rule context="e:Navaid-point/@id">
			<sch:assert test="starts-with(., 'NAV-')">Warning: by convention, the id attribute of e:Navaid-point elements
				should start with "NAV-".</sch:assert>
		</sch:rule>
		<sch:rule context="e:Abbreviation-description/@id">
			<sch:assert test="starts-with(., 'ABBR-')">Warning: by convention, the id attribute of e:Abbreviation-description elements
				should start with "ABBR-".</sch:assert>
		</sch:rule>
		<sch:rule context="e:Route/@id">
			<sch:assert test="starts-with(., 'RTE-')">Warning: by convention, the id attribute of e:Route elements should
				start with "RTE-".</sch:assert>
		</sch:rule>
		<sch:rule context="e:Route-segment-remark/@id">
			<sch:assert test="starts-with(., concat(ancestor::e:Route[1]/@id, '-RSR-'))">Warning: by convention, the id
				attribute of e:Route-segment-remark elements should start with the id of the parent e:Route
				element, followed by "-RSR-", followed by a local identifier of the remark.</sch:assert>
		</sch:rule>
		<sch:rule context="e:Significant-point-remark/@id">
			<sch:assert test="starts-with(., concat(ancestor::e:Route[1]/@id, '-SPR-'))">Warning: by convention, the id
				attribute of e:Significant-point-remark elements should start with the id of the parent e:Route
				element, followed by "-SPR-", followed by a local identifier of the remark.</sch:assert>
		</sch:rule>
		<sch:rule context="e:Route-segment-usage/@id">
			<sch:assert test="starts-with(., concat(ancestor::e:Route[1]/@id, '-RSU-'))">Warning: by convention, the id
				attribute of e:Route-segment-usage elements should start with the id of the parent e:Route
				element, followed by "-RSU-", followed by a local identifier of the usage remark.</sch:assert>
		</sch:rule>
	</sch:pattern>
	<sch:diagnostics>
		<sch:diagnostic id="RS-track">Route track</sch:diagnostic>
		<sch:diagnostic id="amdt-attr">Amendments attributes</sch:diagnostic>
		<sch:diagnostic id="route-seq">Route sequence</sch:diagnostic>
		<sch:diagnostic id="route-segment">Route-segment</sch:diagnostic>
		<sch:diagnostic id="SPR">Significant-point-reference</sch:diagnostic>
		<sch:diagnostic id="RSUR-track">Route segment usage and track</sch:diagnostic>
		<sch:diagnostic id="graphics">Graphic-files</sch:diagnostic>
		<sch:diagnostic id="amdt-nested">Nested amendments</sch:diagnostic>
		<sch:diagnostic id="amdt-nil">NIL</sch:diagnostic>
		<sch:diagnostic id="amdt-description-lang">Amendment group description</sch:diagnostic>
		<sch:diagnostic id="toc-id">ToC and id</sch:diagnostic>
		<sch:diagnostic id="mime-type">MIME types</sch:diagnostic>
		<sch:diagnostic id="graphics-paper">Graphics and paper AIP</sch:diagnostic>
		<sch:diagnostic id="int-link">Internal links</sch:diagnostic>
		<sch:diagnostic id="int-ref">Internal References</sch:diagnostic>
		<sch:diagnostic id="SP-atc">Significant-point-ATC</sch:diagnostic>
		<sch:diagnostic id="RSU-dir">Route-segment-usage-direction</sch:diagnostic>
		<sch:diagnostic id="RSU-level">Route-segment-usage-level-type</sch:diagnostic>
		<sch:diagnostic id="loc-name">Location-name</sch:diagnostic>
		<sch:diagnostic id="loc-ident">Location-ident</sch:diagnostic>
		<sch:diagnostic id="column">Column width</sch:diagnostic>
		<sch:diagnostic id="dates">Dates</sch:diagnostic>
		<sch:diagnostic id="number">Numbering and id</sch:diagnostic>
		<sch:diagnostic id="deprecated">Deprecated elements/attributes</sch:diagnostic>
		<sch:diagnostic id="effective-date">Effective date</sch:diagnostic>
		<sch:diagnostic id="href">Links</sch:diagnostic>
		<sch:diagnostic id="lang-nested">Linguistic-block</sch:diagnostic>
	</sch:diagnostics>
</sch:schema>
